No,Time,Event,C:None,C:class-78...,C:class-91...,C:class-9a...,C:class-a1...,C:class-c6...,I:car-1,I:instance...,I:instance...,I:instance...,I:instance...,I:instance...,I:instance...,I:instance...,I:instance...,I:instance...,I:instance...,I:instance...,I:instance...,I:instance...,I:instance...,I:tomato-1
1,10:41:26,baselineboard.node.add.instance,,,,,,,,,,,,,,,,,,,,,,
2,10:43:13,instance.edit.started,,,,,,,,,,,,,,,,,,,,,,📝 instance.edit.started
3,10:44:55,instance.updated,,,,,,,,,,,,,,,,,,,,,,💾 Updated (T)
4,10:45:07,class_library_toggle,,,,,,,,,,,,,,,,,,,,,,
5,10:45:12,class.create.started,,,,,,,,,,,,,,,,,,,,,,📝 class.create.started
6,10:45:13,class.create.started,,,,,,,,,,,,,,,,,,,,,,📝 class.create.started
7,10:45:15,class.created,,,,,🎭 Created (8p),,,,,,,,,,,,,,,,,
8,10:45:16,class.created,,🎭 Created (8p),,,,,,,,,,,,,,,,,,,,
9,10:45:20,class_detail_opened,,📝 class_detail_opened,,,,,,,,,,,,,,,,,,,,
10,10:46:35,instance.create_from_class.started,,📝 instance.create_from_class.started,,,,,,,,,,,,,,,,,,,,
11,10:46:37,instance.created_from_class,,🎭➡️ Created Characte,,,,,,,,,,,,,,,,,,,,
12,10:48:13,class_library_toggle,,,,,,,,,,,,,,,,,,,,,,
13,10:48:21,class_library_toggle,,,,,,,,,,,,,,,,,,,,,,
14,10:48:25,class_detail_opened,,📝 class_detail_opened,,,,,,,,,,,,,,,,,,,,
15,10:48:36,object_node.edit.started,,,,,,,,,,,,,,,,,,,,,,
16,10:48:52,object_node.edit.cancelled,,,,,,,,,,,,,,,,,,,,,,
17,10:48:52,object_node.edit.saved,🔧 charac→face c,🔧 charac→face c,🔧 charac→face c,🔧 charac→face c,🔧 charac→face c,🔧 charac→face c,🔧 charac→face c,🔧 charac→face c,🔧 charac→face c,🔧 charac→face c,🔧 charac→face c,🔧 charac→face c,🔧 charac→face c,🔧 charac→face c,🔧 charac→face c,🔧 charac→face c,🔧 charac→face c,🔧 charac→face c,🔧 charac→face c,🔧 charac→face c,🔧 charac→face c,🔧 charac→face c
18,10:49:13,instance.edit.started,,,,,,,,,,,,,,,,,,,,,,
19,10:49:33,instance.updated,,,,,,,,,,,,,,,,,,,,,,
20,10:49:40,class_library_toggle,,,,,,,,,,,,,,,,,,,,,,
21,10:50:57,class_library_toggle,,,,,,,,,,,,,,,,,,,,,,
22,10:50:59,class_detail_opened,,📝 class_detail_opened,,,,,,,,,,,,,,,,,,,,
23,10:52:07,object_node.edit.started,,,,,,,,,,,,,,,,,,,,,,
24,10:52:29,object_node.edit.saved,🔧 new ob→each o,🔧 new ob→each o,🔧 new ob→each o,🔧 new ob→each o,🔧 new ob→each o,🔧 new ob→each o,🔧 new ob→each o,🔧 new ob→each o,🔧 new ob→each o,🔧 new ob→each o,🔧 new ob→each o,🔧 new ob→each o,🔧 new ob→each o,🔧 new ob→each o,🔧 new ob→each o,🔧 new ob→each o,🔧 new ob→each o,🔧 new ob→each o,🔧 new ob→each o,🔧 new ob→each o,🔧 new ob→each o,🔧 new ob→each o
25,10:52:29,object_node.edit.cancelled,,,,,,,,,,,,,,,,,,,,,,
26,10:52:30,object_node.edit.started,,,,,,,,,,,,,,,,,,,,,,
27,10:52:32,object_node.edit.saved,🔧 other→each o,🔧 other→each o,🔧 other→each o,🔧 other→each o,🔧 other→each o,🔧 other→each o,🔧 other→each o,🔧 other→each o,🔧 other→each o,🔧 other→each o,🔧 other→each o,🔧 other→each o,🔧 other→each o,🔧 other→each o,🔧 other→each o,🔧 other→each o,🔧 other→each o,🔧 other→each o,🔧 other→each o,🔧 other→each o,🔧 other→each o,🔧 other→each o
28,10:52:32,object_node.edit.cancelled,,,,,,,,,,,,,,,,,,,,,,
29,10:52:40,instance_selected,,📝 instance_selected,,,,,,,,,,,,,,,,,,,,📝 instance_selected
30,10:53:00,instance.edit.started,,,,,,,,,,,,,,,,,,,,,,
31,10:53:24,class_library_toggle,,,,,,,,,,,,,,,,,,,,,,
32,10:53:30,instance_selected,,📝 instance_selected,,,,,,,,,,,,,,,,,,,,📝 instance_selected
33,10:53:30,instance.updated,,,,,,,,,,,,,,,,,,,,,,
34,10:53:35,instance.edit.started,,,,,,,,,,,,,,,,,,,,,,
35,10:53:43,instance.edit.started,,,,,,,,,,,,,,,,,,,,,,
36,10:53:46,instance_selected,,📝 instance_selected,,,,,,,,,,,,,,,,,,,,
37,10:53:49,instance.edit.started,,,,,,,,,,,,,,,,,,,,,,
38,10:53:58,instance.edit.started,,,,,,,,,,,,,,,,,,,,,,
39,10:54:21,instance.updated,,,,,,,,,,,,,,,,,,,,,,
40,10:54:21,instance_selected,,📝 instance_selected,,,,,,,,,,,,,,,,,,,,
41,10:56:09,instance.edit.started,,,,,,,📝 instance.edit.started,,,,,,,,,,,,,,,
42,10:56:38,instance.updated,,,,,,,💾 Updated (T),,,,,,,,,,,,,,,
43,10:56:42,class_library_toggle,,,,,,,,,,,,,,,,,,,,,,
44,10:56:45,class_library_toggle,,,,,,,,,,,,,,,,,,,,,,
45,10:56:48,class.create.started,,,,,,,📝 class.create.started,,,,,,,,,,,,,,,
46,10:56:49,class.created,,,,,,🎭 Created (1p),,,,,,,,,,,,,,,,
47,10:56:50,class_library_toggle,,,,,,,,,,,,,,,,,,,,,,
48,10:56:52,class_detail_opened,,,,,📝 class_detail_opened,,,,,,,,,,,,,,,,,
49,10:56:55,class_detail_opened,,,,,,📝 class_detail_opened,,,,,,,,,,,,,,,,
50,10:57:02,class_detail_opened,,,,,,📝 class_detail_opened,,,,,,,,,,,,,,,,
51,10:57:38,instance.edit.started,,,,,,,📝 instance.edit.started,,,,,,,,,,,,,,,
52,10:59:11,instance.updated,,,,,,,💾 Updated (T),,,,,,,,,,,,,,,
53,10:59:12,class_detail_opened,,,,,,📝 class_detail_opened,,,,,,,,,,,,,,,,
54,10:59:38,class.create.started,,,,,,,📝 class.create.started,,,,,,,,,,,,,,,
55,10:59:40,class.created,,,🎭 Created (1p),,,,,,,,,,,,,,,,,,,
56,10:59:42,class_detail_opened,,,📝 class_detail_opened,,,,,,,,,,,,,,,,,,,
57,11:00:14,instance.create_from_class.started,,,📝 instance.create_from_class.started,,,,,,,,,,,,,,,,,,,
58,11:00:15,instance.created_from_class,,,🎭➡️ Created Car,,,,,,,,,,,,,,,,,,,
59,11:00:46,instance.create_from_class.started,,,📝 instance.create_from_class.started,,,,,,,,,,,,,,,,,,,
60,11:00:46,instance.created_from_class,,,🎭➡️ Created Car,,,,,,,,,,,,,,,,,,,
61,11:01:00,instance_selected,,,📝 instance_selected,,,,,,,,,,,,,,,,,,,
62,11:01:24,instance.edit.started,,,,,,,,,,,,,,,,,,,,,,
63,11:01:46,instance.updated,,,,,,,,,,,,,,,,,,,,,,
64,11:01:46,instance_selected,,,📝 instance_selected,,,,,,,,,,,,,,,,,,,
65,11:03:04,class_detail_opened,,,📝 class_detail_opened,,,,,,,,,,,,,,,,,,,
66,11:03:13,object_node.edit.started,,,,,,,,,,,,,,,,,,,,,,
67,11:03:27,object_node.edit.cancelled,,,,,,,,,,,,,,,,,,,,,,
68,11:03:38,object_node.edit.started,,,,,,,,,,,,,,,,,,,,,,
69,11:03:43,object_node.edit.saved,🔧 car→direct,🔧 car→direct,🔧 car→direct,🔧 car→direct,🔧 car→direct,🔧 car→direct,🔧 car→direct,🔧 car→direct,🔧 car→direct,🔧 car→direct,🔧 car→direct,🔧 car→direct,🔧 car→direct,🔧 car→direct,🔧 car→direct,🔧 car→direct,🔧 car→direct,🔧 car→direct,🔧 car→direct,🔧 car→direct,🔧 car→direct,🔧 car→direct
70,11:03:43,object_node.edit.cancelled,,,,,,,,,,,,,,,,,,,,,,
71,11:03:46,instance_selected,,,📝 instance_selected,,,,,,,,,,,,,,,,,,,
72,11:04:33,instance.edit.started,,,,,,,,,,,,,,,,,,,,,,
73,11:04:54,instance.edit.started,,,,,,,,,,,,,,,,,,,,,,
74,11:06:00,instance.edit.started,,,,,,,,,,,,,,,,,,,,,,
75,11:06:05,instance.edit.started,,,,,,,,,,,,,,,,,,,,,,
76,11:06:12,instance.updated,,,,,,,,,,,,,,,,,,,,,,
77,11:06:12,instance_selected,,,📝 instance_selected,,,,,,,,,,,,,,,,,,,
78,11:06:20,class_library_toggle,,,,,,,,,,,,,,,,,,,,,,
79,11:06:22,instance_selected,,,📝 instance_selected,,,,,,,,,,,,,,,,,,,
80,11:06:25,instance.edit.started,,,,,,,,,,,,,,,,,,,,,,
81,11:06:28,instance_selected,,,📝 instance_selected,,,,,,,,,,,,,,,,,,,
82,11:07:02,instance.updated,,,,,,,,,,,,,,,,,,,,,,
83,11:07:02,instance_selected,,,📝 instance_selected,,,,,,,,,,,,,,,,,,,
84,11:08:44,instance_selected,,,📝 instance_selected,,,,,,,,,,,,,,,,,,,
85,11:08:46,instance_selected,,,📝 instance_selected,,,,,,,,,,,,,,,,,,,
86,11:09:57,instance_selected,,,,,,,,,,,,,,,,,,,,,,
87,11:09:59,instance.edit.started,,,,,,,,,,,,,,,,,,,,,,
88,11:10:10,instance.updated,,,,,,,,,,,,,,,,,,,,,,
89,11:10:10,instance_selected,,,,,,,,,,,,,,,,,,,,,,
90,11:12:45,instance_selected,,,,,,,,,,,,,,,,,,,,,,
91,11:12:48,instance.edit.started,,,,,,,,,,,,,,,,,,,,,,
92,11:13:20,instance.updated,,,,,,,,,,,,,,,,,,,,,,
93,11:13:20,instance_selected,,,,,,,,,,,,,,,,,,,,,,
94,11:13:22,instance.edit.started,,,,,,,,,,,,,,,,,,,,,,
95,11:15:42,instance.updated,,,,,,,,,,,,,,,,,,,,,,
96,11:15:42,instance_selected,,,,,,,,,,,,,,,,,,,,,,
97,11:15:44,class.create.started,,,,,,,,,,,,,,,,,,,,,,
98,11:15:47,class.created,,,,🎭 Created (7p),,,,,,,,,,,,,,,,,,
99,11:15:47,instance_selected,,,,📝 instance_selected,,,,,,,,,,,,,,,,,,
100,11:15:48,class_library_toggle,,,,,,,,,,,,,,,,,,,,,,
101,11:15:49,class_detail_opened,,,,📝 class_detail_opened,,,,,,,,,,,,,,,,,,
102,11:16:28,instance.create_from_class.started,,,,📝 instance.create_from_class.started,,,,,,,,,,,,,,,,,,
103,11:16:29,instance.created_from_class,,,,🎭➡️ Created Player,,,,,,,,,,,,,,,,,,
104,11:16:29,instance_selected,,,,📝 instance_selected,,,,,,,,,,,,,,,,,,
105,11:16:48,instance.create_from_class.started,,,,📝 instance.create_from_class.started,,,,,,,,,,,,,,,,,,
106,11:16:49,instance.created_from_class,,,,🎭➡️ Created Player,,,,,,,,,,,,,,,,,,
107,11:16:50,instance_selected,,,,📝 instance_selected,,,,,,,,,,,,,,,,,,
108,11:17:11,instance.create_from_class.started,,,,📝 instance.create_from_class.started,,,,,,,,,,,,,,,,,,
109,11:17:13,instance.created_from_class,,,,🎭➡️ Created Player,,,,,,,,,,,,,,,,,,
110,11:17:13,instance_selected,,,,📝 instance_selected,,,,,,,,,,,,,,,,,,
111,11:17:30,instance_selected,,,,📝 instance_selected,,,,,,,,,,,,,,,,,,
112,11:17:48,instance_selected,,,,📝 instance_selected,,,,,,,,,,,,,,,,,,
113,11:18:04,instance.edit.started,,,,,,,,,,,,,,,,,,,,,,
114,11:18:18,instance.updated,,,,,,,,,,,,,,,,,,,,,,
115,11:18:18,instance_selected,,,,📝 instance_selected,,,,,,,,,,,,,,,,,,
116,11:18:22,instance.edit.started,,,,,,,,,,,,,,,,,,,,,,
117,11:18:36,instance.updated,,,,,,,,,,,,,,,,,,,,,,
118,11:18:36,instance_selected,,,,📝 instance_selected,,,,,,,,,,,,,,,,,,
119,11:18:38,instance_deselected,,,,,,,,,,,,,,,,,,,,,,
120,11:18:41,instance.edit.started,,,,,,,,,,,,,,,,,,,,,,
121,11:18:55,instance.updated,,,,,,,,,,,,,,,,,,,,,,
122,11:19:03,instance_selected,,,,📝 instance_selected,,,,,,,,,,,,,,,,,,
123,11:20:59,class_detail_opened,,,,📝 class_detail_opened,,,,,,,,,,,,,,,,,,
124,11:21:23,object_node.edit.started,,,,,,,,,,,,,,,,,,,,,,
125,11:21:31,object_node.edit.cancelled,,,,,,,,,,,,,,,,,,,,,,
126,11:21:31,object_node.edit.saved,🔧 backwa→body b,🔧 backwa→body b,🔧 backwa→body b,🔧 backwa→body b,🔧 backwa→body b,🔧 backwa→body b,🔧 backwa→body b,🔧 backwa→body b,🔧 backwa→body b,🔧 backwa→body b,🔧 backwa→body b,🔧 backwa→body b,🔧 backwa→body b,🔧 backwa→body b,🔧 backwa→body b,🔧 backwa→body b,🔧 backwa→body b,🔧 backwa→body b,🔧 backwa→body b,🔧 backwa→body b,🔧 backwa→body b,🔧 backwa→body b
127,11:21:38,instance_selected,,,,📝 instance_selected,,,,,,,,,,,,,,,,,,
128,11:21:47,instance_selected,,,,📝 instance_selected,,,,,,,,,,,,,,,,,,
129,11:22:21,instance_selected,,,,📝 instance_selected,,,,,,,,,,,,,,,,,,
130,11:22:24,instance.edit.started,,,,,,,,,,,,,,,,,,,,,,
131,11:22:50,instance.updated,,,,,,,,,,,,,,,,,,,,,,
132,11:22:50,instance_selected,,,,📝 instance_selected,,,,,,,,,,,,,,,,,,
133,11:23:02,instance.edit.started,,,,,,,,,,,,,,,,,,,,,,
134,11:23:04,instance.edit.started,,,,,,,,,,,,,,,,,,,,,,
135,11:23:15,instance_selected,,,,📝 instance_selected,,,,,,,,,,,,,,,,,,
136,11:23:15,instance.updated,,,,,,,,,,,,,,,,,,,,,,
137,11:23:19,instance.edit.started,,,,,,,,,,,,,,,,,,,,,,
138,11:23:21,instance_selected,,,,📝 instance_selected,,,,,,,,,,,,,,,,,,
139,11:23:29,instance_selected,,,,📝 instance_selected,,,,,,,,,,,,,,,,,,
140,11:23:29,instance.updated,,,,,,,,,,,,,,,,,,,,,,
141,11:23:32,instance_selected,,,,📝 instance_selected,,,,,,,,,,,,,,,,,,
142,11:23:37,instance.edit.started,,,,,,,,,,,,,,,,,,,,,,
143,11:23:49,instance.updated,,,,,,,,,,,,,,,,,,,,,,
144,11:23:49,instance_selected,,,,📝 instance_selected,,,,,,,,,,,,,,,,,,
145,11:24:11,instance_selected,,,,📝 instance_selected,,,,,,,,,,,,,,,,,,
146,11:24:14,instance_selected,,,,📝 instance_selected,,,,,,,,,,,,,,,,,,
147,11:24:16,instance_selected,,,,📝 instance_selected,,,,,,,,,,,,,,,,,,
148,11:24:18,instance_selected,,,,📝 instance_selected,,,,,,,,,,,,,,,,,,
149,11:24:21,instance_selected,,,,📝 instance_selected,,,,,,,,,,,,,,,,,,
150,11:25:11,instance_selected,,,,📝 instance_selected,,,,,,,,,,,,,,,,,,
151,11:25:13,instance_selected,,,,📝 instance_selected,,,,,,,,,,,,,,,,,,
152,11:25:44,instance.edit.started,,,,,,,,,,,,,,,,,,,,,,
153,11:25:46,instance.edit.started,,,,,,,,,,,,,,,,,,,,,,
154,11:26:05,instance.updated,,,,,,,,,,,,,,,,,,,,,,
155,11:26:05,instance_selected,,,,📝 instance_selected,,,,,,,,,,,,,,,,,,
156,11:30:02,baselineboard.node.add.instance,,,,,,,,,,,,,,,,,,,,,,
157,11:34:47,baselineboard.node.add.instance,,,,,,,,📝 baselineboard.node.add.instance,📝 baselineboard.node.add.instance,📝 baselineboard.node.add.instance,📝 baselineboard.node.add.instance,📝 baselineboard.node.add.instance,📝 baselineboard.node.add.instance,📝 baselineboard.node.add.instance,📝 baselineboard.node.add.instance,📝 baselineboard.node.add.instance,📝 baselineboard.node.add.instance,📝 baselineboard.node.add.instance,📝 baselineboard.node.add.instance,📝 baselineboard.node.add.instance,📝 baselineboard.node.add.instance,
158,11:36:54,baselineboard.node.add.instance,,,,,,,,,,,,,,,,,,,,,,
159,11:38:15,baselineboard.node.add.instance,,,,,,,,,,,,,,,,,,,,,,
160,11:45:42,instance.edit.started,,,,,,,,,,,,,,,,,,,,,,
161,13:50:48,instance_deselected,,,,,,,,,,,,,,,,,,,,,,
